{"0": {"times": [9.202957153320312e-05, 1.6689300537109375e-06, 9.5367431640625e-07, 7.152557373046875e-07, 4.76837158203125e-07], "mean": 1.9168853759765626e-05, "stdev": 4.073282168884108e-05}, "1": {"times": [3.0994415283203125e-06, 1.6689300537109375e-06, 7.152557373046875e-07, 4.76837158203125e-07, 4.76837158203125e-07], "mean": 1.2874603271484376e-06, "stdev": 1.1258810952298731e-06}, "2": {"times": [5.4836273193359375e-06, 9.5367431640625e-07, 7.152557373046875e-07, 4.76837158203125e-07, 4.76837158203125e-07], "mean": 1.621246337890625e-06, "stdev": 2.1681675995616258e-06}, "3": {"times": [1.6689300537109375e-06, 1.1920928955078125e-06, 1.1920928955078125e-06, 7.152557373046875e-07, 7.152557373046875e-07], "mean": 1.0967254638671874e-06, "stdev": 3.9895058943465975e-07}, "4": {"times": [1.9073486328125e-06, 9.5367431640625e-07, 9.5367431640625e-07, 9.5367431640625e-07, 9.5367431640625e-07], "mean": 1.1444091796875e-06, "stdev": 4.264961199760036e-07}, "5": {"times": [2.1457672119140625e-06, 1.9073486328125e-06, 1.430511474609375e-06, 1.430511474609375e-06, 1.430511474609375e-06], "mean": 1.6689300537109375e-06, "stdev": 3.371747880871523e-07}, "6": {"times": [3.5762786865234375e-06, 3.0994415283203125e-06, 2.6226043701171875e-06, 2.6226043701171875e-06, 2.6226043701171875e-06], "mean": 2.9087066650390623e-06, "stdev": 4.264961199760036e-07}, "7": {"times": [5.0067901611328125e-06, 4.5299530029296875e-06, 4.291534423828125e-06, 4.291534423828125e-06, 4.291534423828125e-06], "mean": 4.482269287109375e-06, "stdev": 3.1085979486478084e-07}, "8": {"times": [8.821487426757812e-06, 8.58306884765625e-06, 8.344650268554688e-06, 8.106231689453125e-06, 8.106231689453125e-06], "mean": 8.392333984375e-06, "stdev": 3.1085979486478084e-07}, "9": {"times": [1.9311904907226562e-05, 1.5974044799804688e-05, 1.5974044799804688e-05, 1.621246337890625e-05, 1.5735626220703125e-05], "mean": 1.6641616821289062e-05, "stdev": 1.5022262575171819e-06}, "10": {"times": [3.1948089599609375e-05, 3.123283386230469e-05, 3.147125244140625e-05, 3.0994415283203125e-05, 3.123283386230469e-05], "mean": 3.1375885009765624e-05, "stdev": 3.6157967777498007e-07}, "11": {"times": [6.270408630371094e-05, 6.842613220214844e-05, 6.413459777832031e-05, 6.270408630371094e-05, 6.151199340820312e-05], "mean": 6.389617919921875e-05, "stdev": 2.6973983046972182e-06}, "12": {"times": [0.00012445449829101562, 0.00012350082397460938, 0.00012874603271484375, 0.0001251697540283203, 0.0001270771026611328], "mean": 0.00012578964233398438, "stdev": 2.1097013288144053e-06}, "13": {"times": [0.0002548694610595703, 0.0002856254577636719, 0.00029969215393066406, 0.0003044605255126953, 0.00030922889709472656], "mean": 0.0002907752990722656, "stdev": 2.192647413609726e-05}, "14": {"times": [0.0005624294281005859, 0.0005469322204589844, 0.0005354881286621094, 0.0005452632904052734, 0.0005481243133544922], "mean": 0.0005476474761962891, "stdev": 9.653744621766972e-06}, "15": {"times": [0.0010576248168945312, 0.0011610984802246094, 0.0010197162628173828, 0.0009913444519042969, 0.0009925365447998047], "mean": 0.001044464111328125, "stdev": 7.054680461873186e-05}, "16": {"times": [0.001982450485229492, 0.001996755599975586, 0.002062559127807617, 0.00211334228515625, 0.002005338668823242], "mean": 0.0020320892333984377, "stdev": 5.467754694798505e-05}, "17": {"times": [0.004018068313598633, 0.004010200500488281, 0.0040132999420166016, 0.004121541976928711, 0.00404047966003418], "mean": 0.004040718078613281, "stdev": 4.671361692962298e-05}, "18": {"times": [0.008079290390014648, 0.008106708526611328, 0.008076906204223633, 0.00812983512878418, 0.008081197738647461], "mean": 0.00809478759765625, "stdev": 2.2994727270468685e-05}, "19": {"times": [0.016163349151611328, 0.016072988510131836, 0.016230106353759766, 0.016426801681518555, 0.01621532440185547], "mean": 0.01622171401977539, "stdev": 0.00013009414143293487}, "20": {"times": [0.03226637840270996, 0.032036781311035156, 0.032207489013671875, 0.03224349021911621, 0.03211569786071777], "mean": 0.032173967361450194, "stdev": 9.580223979182033e-05}, "21": {"times": [0.06385421752929688, 0.0637660026550293, 0.06382155418395996, 0.06390190124511719, 0.06589007377624512], "mean": 0.06424674987792969, "stdev": 0.000919976212946196}, "22": {"times": [0.1329357624053955, 0.13329863548278809, 0.1327495574951172, 0.13286709785461426, 0.13323259353637695], "mean": 0.1330167293548584, "stdev": 0.0002379046264972587}, "23": {"times": [0.26414012908935547, 0.26453495025634766, 0.2643284797668457, 0.2667975425720215, 0.26518821716308594], "mean": 0.26499786376953127, "stdev": 0.0010808735878776506}, "24": {"times": [0.5310263633728027, 0.5283620357513428, 0.5233275890350342, 0.5207111835479736, 0.5224111080169678], "mean": 0.5251676559448242, "stdev": 0.004340883090164641}, "25": {"times": [1.0589373111724854, 1.0390245914459229, 1.0522375106811523, 1.041330337524414, 1.0506129264831543], "mean": 1.0484285354614258, "stdev": 0.008193485221585585}, "26": {"times": [2.1198341846466064, 2.143519639968872, 2.2026591300964355, 2.132244825363159, 2.130141019821167], "mean": 2.145679759979248, "stdev": 0.03294411334185844}, "27": {"times": [4.344919204711914, 4.3213255405426025, 4.271044731140137, 4.226130485534668, 4.251863479614258], "mean": 4.283056688308716, "stdev": 0.04911560834648908}, "28": {"times": [8.430720806121826, 8.520310401916504, 8.484325885772705, 8.96094536781311, 8.878714799880981], "mean": 8.655003452301026, "stdev": 0.24557227938954346}, "29": {"times": [17.535126209259033, 17.6449236869812, 16.876063585281372, 16.893308877944946, 17.200243949890137], "mean": 17.229933261871338, "stdev": 0.35523969625369867}}